source_id,reference_id,facility_name,subclass,country,state,latitude,longitude,status_2025,coordinate_quality,coordinate_source,source_url,review_status,review_notes
WorldBank_GFMR_2025,WB_INDIA_FLARE_0001,OFFSHORE,gas_flare,India,,18.97378877,71.62363831,operating,HIGH,World Bank GFMR individual flare-location dataset,https://www.worldbank.org/en/programs/gasflaringreduction/global-flaring-data,CONFIRMED,World Bank GFMR 2025 flare location; external satellite-derived flare reference.
WorldBank_GFMR_2025,WB_INDIA_FLARE_0002,ONSHORE,gas_flare,India,,25.82011005,71.685501,operating,HIGH,World Bank GFMR individual flare-location dataset,https://www.worldbank.org/en/programs/gasflaringreduction/global-flaring-data,CONFIRMED,World Bank GFMR 2025 flare location; external satellite-derived flare reference.
WorldBank_GFMR_2025,WB_INDIA_FLARE_0003,ONSHORE,gas_flare,India,,25.29899191,71.76869115,operating,HIGH,World Bank GFMR individual flare-location dataset,https://www.worldbank.org/en/programs/gasflaringreduction/global-flaring-data,CONFIRMED,World Bank GFMR 2025 flare location; external satellite-derived flare reference.
WorldBank_GFMR_2025,WB_INDIA_FLARE_0004,ONSHORE,gas_flare,India,,25.30142494,71.7536452,operating,HIGH,World Bank GFMR individual flare-location dataset,https://www.worldbank.org/en/programs/gasflaringreduction/global-flaring-data,CONFIRMED,World Bank GFMR 2025 flare location; external satellite-derived flare reference.
WorldBank_GFMR_2025,WB_INDIA_FLARE_0005,ONSHORE,gas_flare,India,,25.26701253,71.79437088,operating,HIGH,World Bank GFMR individual flare-location dataset,https://www.worldbank.org/en/programs/gasflaringreduction/global-flaring-data,CONFIRMED,World Bank GFMR 2025 flare location; external satellite-derived flare reference.
WorldBank_GFMR_2025,WB_INDIA_FLARE_0006,ONSHORE,gas_flare,India,,25.28462162,71.77328659,operating,HIGH,World Bank GFMR individual flare-location dataset,https://www.worldbank.org/en/programs/gasflaringreduction/global-flaring-data,CONFIRMED,World Bank GFMR 2025 flare location; external satellite-derived flare reference.
WorldBank_GFMR_2025,WB_INDIA_FLARE_0007,ONSHORE,gas_flare,India,,23.5442365,72.40813895,operating,HIGH,World Bank GFMR individual flare-location dataset,https://www.worldbank.org/en/programs/gasflaringreduction/global-flaring-data,CONFIRMED,World Bank GFMR 2025 flare location; external satellite-derived flare reference.
WorldBank_GFMR_2025,WB_INDIA_FLARE_0008,ONSHORE,gas_flare,India,,27.26636661,95.12459465,operating,HIGH,World Bank GFMR individual flare-location dataset,https://www.worldbank.org/en/programs/gasflaringreduction/global-flaring-data,CONFIRMED,World Bank GFMR 2025 flare location; external satellite-derived flare reference.
WorldBank_GFMR_2025,WB_INDIA_FLARE_0009,ONSHORE,gas_flare,India,,27.26132172,95.15047184,operating,HIGH,World Bank GFMR individual flare-location dataset,https://www.worldbank.org/en/programs/gasflaringreduction/global-flaring-data,CONFIRMED,World Bank GFMR 2025 flare location; external satellite-derived flare reference.
WorldBank_GFMR_2025,WB_INDIA_FLARE_0010,ONSHORE,gas_flare,India,,25.47676278,71.7900937,operating,HIGH,World Bank GFMR individual flare-location dataset,https://www.worldbank.org/en/programs/gasflaringreduction/global-flaring-data,CONFIRMED,World Bank GFMR 2025 flare location; external satellite-derived flare reference.
WorldBank_GFMR_2025,WB_INDIA_FLARE_0011,ONSHORE,gas_flare,India,,25.46760155,71.78694036,operating,HIGH,World Bank GFMR individual flare-location dataset,https://www.worldbank.org/en/programs/gasflaringreduction/global-flaring-data,CONFIRMED,World Bank GFMR 2025 flare location; external satellite-derived flare reference.
WorldBank_GFMR_2025,WB_INDIA_FLARE_0012,ONSHORE,gas_flare,India,,22.33369487,69.86691037,operating,HIGH,World Bank GFMR individual flare-location dataset,https://www.worldbank.org/en/programs/gasflaringreduction/global-flaring-data,CONFIRMED,World Bank GFMR 2025 flare location; external satellite-derived flare reference.
WorldBank_GFMR_2025,WB_INDIA_FLARE_0013,ONSHORE,gas_flare,India,,22.3435299,69.88055043,operating,HIGH,World Bank GFMR individual flare-location dataset,https://www.worldbank.org/en/programs/gasflaringreduction/global-flaring-data,CONFIRMED,World Bank GFMR 2025 flare location; external satellite-derived flare reference.
WorldBank_GFMR_2025,WB_INDIA_FLARE_0014,ONSHORE,gas_flare,India,,22.34133854,69.86595519,operating,HIGH,World Bank GFMR individual flare-location dataset,https://www.worldbank.org/en/programs/gasflaringreduction/global-flaring-data,CONFIRMED,World Bank GFMR 2025 flare location; external satellite-derived flare reference.
WorldBank_GFMR_2025,WB_INDIA_FLARE_0015,ONSHORE,gas_flare,India,,22.34382771,69.89074421,operating,HIGH,World Bank GFMR individual flare-location dataset,https://www.worldbank.org/en/programs/gasflaringreduction/global-flaring-data,CONFIRMED,World Bank GFMR 2025 flare location; external satellite-derived flare reference.
WorldBank_GFMR_2025,WB_INDIA_FLARE_0016,ONSHORE,gas_flare,India,,26.97088022,94.58827025,operating,HIGH,World Bank GFMR individual flare-location dataset,https://www.worldbank.org/en/programs/gasflaringreduction/global-flaring-data,CONFIRMED,World Bank GFMR 2025 flare location; external satellite-derived flare reference.
WorldBank_GFMR_2025,WB_INDIA_FLARE_0017,ONSHORE,gas_flare,India,,26.95549574,94.54495178,operating,HIGH,World Bank GFMR individual flare-location dataset,https://www.worldbank.org/en/programs/gasflaringreduction/global-flaring-data,CONFIRMED,World Bank GFMR 2025 flare location; external satellite-derived flare reference.
WorldBank_GFMR_2025,WB_INDIA_FLARE_0018,ONSHORE,gas_flare,India,,23.62768602,91.19634885,operating,HIGH,World Bank GFMR individual flare-location dataset,https://www.worldbank.org/en/programs/gasflaringreduction/global-flaring-data,CONFIRMED,World Bank GFMR 2025 flare location; external satellite-derived flare reference.
WorldBank_GFMR_2025,WB_INDIA_FLARE_0019,ONSHORE,gas_flare,India,,22.3335338,69.85956809,operating,HIGH,World Bank GFMR individual flare-location dataset,https://www.worldbank.org/en/programs/gasflaringreduction/global-flaring-data,CONFIRMED,World Bank GFMR 2025 flare location; external satellite-derived flare reference.
WorldBank_GFMR_2025,WB_INDIA_FLARE_0020,ONSHORE,gas_flare,India,,10.81372196,79.30706237,operating,HIGH,World Bank GFMR individual flare-location dataset,https://www.worldbank.org/en/programs/gasflaringreduction/global-flaring-data,CONFIRMED,World Bank GFMR 2025 flare location; external satellite-derived flare reference.
WorldBank_GFMR_2025,WB_INDIA_FLARE_0021,OFFSHORE,gas_flare,India,,19.33360285,72.02006956,operating,HIGH,World Bank GFMR individual flare-location dataset,https://www.worldbank.org/en/programs/gasflaringreduction/global-flaring-data,CONFIRMED,World Bank GFMR 2025 flare location; external satellite-derived flare reference.
WorldBank_GFMR_2025,WB_INDIA_FLARE_0022,ONSHORE,gas_flare,India,,22.21817124,73.06990113,operating,HIGH,World Bank GFMR individual flare-location dataset,https://www.worldbank.org/en/programs/gasflaringreduction/global-flaring-data,CONFIRMED,World Bank GFMR 2025 flare location; external satellite-derived flare reference.
WorldBank_GFMR_2025,WB_INDIA_FLARE_0023,ONSHORE,gas_flare,India,,22.22820866,73.01485255,operating,HIGH,World Bank GFMR individual flare-location dataset,https://www.worldbank.org/en/programs/gasflaringreduction/global-flaring-data,CONFIRMED,World Bank GFMR 2025 flare location; external satellite-derived flare reference.
WorldBank_GFMR_2025,WB_INDIA_FLARE_0024,ONSHORE,gas_flare,India,,22.25619635,72.99834311,operating,HIGH,World Bank GFMR individual flare-location dataset,https://www.worldbank.org/en/programs/gasflaringreduction/global-flaring-data,CONFIRMED,World Bank GFMR 2025 flare location; external satellite-derived flare reference.
WorldBank_GFMR_2025,WB_INDIA_FLARE_0025,ONSHORE,gas_flare,India,,22.25098684,73.07161599,operating,HIGH,World Bank GFMR individual flare-location dataset,https://www.worldbank.org/en/programs/gasflaringreduction/global-flaring-data,CONFIRMED,World Bank GFMR 2025 flare location; external satellite-derived flare reference.
WorldBank_GFMR_2025,WB_INDIA_FLARE_0026,ONSHORE,gas_flare,India,,23.42865375,72.30034093,operating,HIGH,World Bank GFMR individual flare-location dataset,https://www.worldbank.org/en/programs/gasflaringreduction/global-flaring-data,CONFIRMED,World Bank GFMR 2025 flare location; external satellite-derived flare reference.
WorldBank_GFMR_2025,WB_INDIA_FLARE_0027,ONSHORE,gas_flare,India,,27.53245367,95.4659716,operating,HIGH,World Bank GFMR individual flare-location dataset,https://www.worldbank.org/en/programs/gasflaringreduction/global-flaring-data,CONFIRMED,World Bank GFMR 2025 flare location; external satellite-derived flare reference.
WorldBank_GFMR_2025,WB_INDIA_FLARE_0028,ONSHORE,gas_flare,India,,27.53563911,95.40041024,operating,HIGH,World Bank GFMR individual flare-location dataset,https://www.worldbank.org/en/programs/gasflaringreduction/global-flaring-data,CONFIRMED,World Bank GFMR 2025 flare location; external satellite-derived flare reference.
WorldBank_GFMR_2025,WB_INDIA_FLARE_0029,ONSHORE,gas_flare,India,,25.98533537,71.3889254,operating,HIGH,World Bank GFMR individual flare-location dataset,https://www.worldbank.org/en/programs/gasflaringreduction/global-flaring-data,CONFIRMED,World Bank GFMR 2025 flare location; external satellite-derived flare reference.
WorldBank_GFMR_2025,WB_INDIA_FLARE_0030,OFFSHORE,gas_flare,India,,18.70407144,72.34439372,operating,HIGH,World Bank GFMR individual flare-location dataset,https://www.worldbank.org/en/programs/gasflaringreduction/global-flaring-data,CONFIRMED,World Bank GFMR 2025 flare location; external satellite-derived flare reference.
WorldBank_GFMR_2025,WB_INDIA_FLARE_0031,OFFSHORE,gas_flare,India,,18.70874885,72.3414357,operating,HIGH,World Bank GFMR individual flare-location dataset,https://www.worldbank.org/en/programs/gasflaringreduction/global-flaring-data,CONFIRMED,World Bank GFMR 2025 flare location; external satellite-derived flare reference.
WorldBank_GFMR_2025,WB_INDIA_FLARE_0032,ONSHORE,gas_flare,India,,22.80869221,72.56471225,operating,HIGH,World Bank GFMR individual flare-location dataset,https://www.worldbank.org/en/programs/gasflaringreduction/global-flaring-data,CONFIRMED,World Bank GFMR 2025 flare location; external satellite-derived flare reference.
WorldBank_GFMR_2025,WB_INDIA_FLARE_0033,ONSHORE,gas_flare,India,,22.82166005,72.58117836,operating,HIGH,World Bank GFMR individual flare-location dataset,https://www.worldbank.org/en/programs/gasflaringreduction/global-flaring-data,CONFIRMED,World Bank GFMR 2025 flare location; external satellite-derived flare reference.
WorldBank_GFMR_2025,WB_INDIA_FLARE_0034,ONSHORE,gas_flare,India,,10.80779896,79.74480447,operating,HIGH,World Bank GFMR individual flare-location dataset,https://www.worldbank.org/en/programs/gasflaringreduction/global-flaring-data,CONFIRMED,World Bank GFMR 2025 flare location; external satellite-derived flare reference.
WorldBank_GFMR_2025,WB_INDIA_FLARE_0035,ONSHORE,gas_flare,India,,10.84022789,79.777171,operating,HIGH,World Bank GFMR individual flare-location dataset,https://www.worldbank.org/en/programs/gasflaringreduction/global-flaring-data,CONFIRMED,World Bank GFMR 2025 flare location; external satellite-derived flare reference.
WorldBank_GFMR_2025,WB_INDIA_FLARE_0036,ONSHORE,gas_flare,India,,10.77593877,79.52570134,operating,HIGH,World Bank GFMR individual flare-location dataset,https://www.worldbank.org/en/programs/gasflaringreduction/global-flaring-data,CONFIRMED,World Bank GFMR 2025 flare location; external satellite-derived flare reference.
WorldBank_GFMR_2025,WB_INDIA_FLARE_0037,ONSHORE,gas_flare,India,,23.40430847,72.42235361,operating,HIGH,World Bank GFMR individual flare-location dataset,https://www.worldbank.org/en/programs/gasflaringreduction/global-flaring-data,CONFIRMED,World Bank GFMR 2025 flare location; external satellite-derived flare reference.
WorldBank_GFMR_2025,WB_INDIA_FLARE_0038,ONSHORE,gas_flare,India,,23.40825073,72.41735268,operating,HIGH,World Bank GFMR individual flare-location dataset,https://www.worldbank.org/en/programs/gasflaringreduction/global-flaring-data,CONFIRMED,World Bank GFMR 2025 flare location; external satellite-derived flare reference.
WorldBank_GFMR_2025,WB_INDIA_FLARE_0039,ONSHORE,gas_flare,India,,26.09178092,93.90288646,operating,HIGH,World Bank GFMR individual flare-location dataset,https://www.worldbank.org/en/programs/gasflaringreduction/global-flaring-data,CONFIRMED,World Bank GFMR 2025 flare location; external satellite-derived flare reference.
WorldBank_GFMR_2025,WB_INDIA_FLARE_0040,ONSHORE,gas_flare,India,,26.05920995,93.8934691,operating,HIGH,World Bank GFMR individual flare-location dataset,https://www.worldbank.org/en/programs/gasflaringreduction/global-flaring-data,CONFIRMED,World Bank GFMR 2025 flare location; external satellite-derived flare reference.
WorldBank_GFMR_2025,WB_INDIA_FLARE_0041,ONSHORE,gas_flare,India,,26.06449781,93.92962181,operating,HIGH,World Bank GFMR individual flare-location dataset,https://www.worldbank.org/en/programs/gasflaringreduction/global-flaring-data,CONFIRMED,World Bank GFMR 2025 flare location; external satellite-derived flare reference.
WorldBank_GFMR_2025,WB_INDIA_FLARE_0042,ONSHORE,gas_flare,India,,26.58241026,93.77654203,operating,HIGH,World Bank GFMR individual flare-location dataset,https://www.worldbank.org/en/programs/gasflaringreduction/global-flaring-data,CONFIRMED,World Bank GFMR 2025 flare location; external satellite-derived flare reference.
WorldBank_GFMR_2025,WB_INDIA_FLARE_0043,ONSHORE,gas_flare,India,,26.18884383,91.80815874,operating,HIGH,World Bank GFMR individual flare-location dataset,https://www.worldbank.org/en/programs/gasflaringreduction/global-flaring-data,CONFIRMED,World Bank GFMR 2025 flare location; external satellite-derived flare reference.
WorldBank_GFMR_2025,WB_INDIA_FLARE_0044,ONSHORE,gas_flare,India,,26.58133245,93.79051519,operating,HIGH,World Bank GFMR individual flare-location dataset,https://www.worldbank.org/en/programs/gasflaringreduction/global-flaring-data,CONFIRMED,World Bank GFMR 2025 flare location; external satellite-derived flare reference.
WorldBank_GFMR_2025,WB_INDIA_FLARE_0045,ONSHORE,gas_flare,India,,27.35192333,95.30764657,operating,HIGH,World Bank GFMR individual flare-location dataset,https://www.worldbank.org/en/programs/gasflaringreduction/global-flaring-data,CONFIRMED,World Bank GFMR 2025 flare location; external satellite-derived flare reference.
WorldBank_GFMR_2025,WB_INDIA_FLARE_0046,ONSHORE,gas_flare,India,,27.35345331,95.31879076,operating,HIGH,World Bank GFMR individual flare-location dataset,https://www.worldbank.org/en/programs/gasflaringreduction/global-flaring-data,CONFIRMED,World Bank GFMR 2025 flare location; external satellite-derived flare reference.
WorldBank_GFMR_2025,WB_INDIA_FLARE_0047,ONSHORE,gas_flare,India,,27.3314698,95.32578923,operating,HIGH,World Bank GFMR individual flare-location dataset,https://www.worldbank.org/en/programs/gasflaringreduction/global-flaring-data,CONFIRMED,World Bank GFMR 2025 flare location; external satellite-derived flare reference.
WorldBank_GFMR_2025,WB_INDIA_FLARE_0048,ONSHORE,gas_flare,India,,27.3940067,95.47278521,operating,HIGH,World Bank GFMR individual flare-location dataset,https://www.worldbank.org/en/programs/gasflaringreduction/global-flaring-data,CONFIRMED,World Bank GFMR 2025 flare location; external satellite-derived flare reference.
WorldBank_GFMR_2025,WB_INDIA_FLARE_0049,ONSHORE,gas_flare,India,,27.35849001,95.29569065,operating,HIGH,World Bank GFMR individual flare-location dataset,https://www.worldbank.org/en/programs/gasflaringreduction/global-flaring-data,CONFIRMED,World Bank GFMR 2025 flare location; external satellite-derived flare reference.
WorldBank_GFMR_2025,WB_INDIA_FLARE_0050,ONSHORE,gas_flare,India,,27.37056367,95.44434163,operating,HIGH,World Bank GFMR individual flare-location dataset,https://www.worldbank.org/en/programs/gasflaringreduction/global-flaring-data,CONFIRMED,World Bank GFMR 2025 flare location; external satellite-derived flare reference.
WorldBank_GFMR_2025,WB_INDIA_FLARE_0051,ONSHORE,gas_flare,India,,27.26761204,95.36721269,operating,HIGH,World Bank GFMR individual flare-location dataset,https://www.worldbank.org/en/programs/gasflaringreduction/global-flaring-data,CONFIRMED,World Bank GFMR 2025 flare location; external satellite-derived flare reference.
WorldBank_GFMR_2025,WB_INDIA_FLARE_0052,ONSHORE,gas_flare,India,,27.32565891,95.27723003,operating,HIGH,World Bank GFMR individual flare-location dataset,https://www.worldbank.org/en/programs/gasflaringreduction/global-flaring-data,CONFIRMED,World Bank GFMR 2025 flare location; external satellite-derived flare reference.
WorldBank_GFMR_2025,WB_INDIA_FLARE_0053,ONSHORE,gas_flare,India,,27.33390075,95.26741281,operating,HIGH,World Bank GFMR individual flare-location dataset,https://www.worldbank.org/en/programs/gasflaringreduction/global-flaring-data,CONFIRMED,World Bank GFMR 2025 flare location; external satellite-derived flare reference.
WorldBank_GFMR_2025,WB_INDIA_FLARE_0054,ONSHORE,gas_flare,India,,27.30247555,95.39519507,operating,HIGH,World Bank GFMR individual flare-location dataset,https://www.worldbank.org/en/programs/gasflaringreduction/global-flaring-data,CONFIRMED,World Bank GFMR 2025 flare location; external satellite-derived flare reference.
WorldBank_GFMR_2025,WB_INDIA_FLARE_0055,ONSHORE,gas_flare,India,,27.39357275,95.43466011,operating,HIGH,World Bank GFMR individual flare-location dataset,https://www.worldbank.org/en/programs/gasflaringreduction/global-flaring-data,CONFIRMED,World Bank GFMR 2025 flare location; external satellite-derived flare reference.
WorldBank_GFMR_2025,WB_INDIA_FLARE_0056,ONSHORE,gas_flare,India,,27.31823813,95.26660668,operating,HIGH,World Bank GFMR individual flare-location dataset,https://www.worldbank.org/en/programs/gasflaringreduction/global-flaring-data,CONFIRMED,World Bank GFMR 2025 flare location; external satellite-derived flare reference.
WorldBank_GFMR_2025,WB_INDIA_FLARE_0057,ONSHORE,gas_flare,India,,27.32492002,95.29954028,operating,HIGH,World Bank GFMR individual flare-location dataset,https://www.worldbank.org/en/programs/gasflaringreduction/global-flaring-data,CONFIRMED,World Bank GFMR 2025 flare location; external satellite-derived flare reference.
WorldBank_GFMR_2025,WB_INDIA_FLARE_0058,ONSHORE,gas_flare,India,,27.37404329,95.35317369,operating,HIGH,World Bank GFMR individual flare-location dataset,https://www.worldbank.org/en/programs/gasflaringreduction/global-flaring-data,CONFIRMED,World Bank GFMR 2025 flare location; external satellite-derived flare reference.
WorldBank_GFMR_2025,WB_INDIA_FLARE_0059,ONSHORE,gas_flare,India,,27.37907328,95.33431854,operating,HIGH,World Bank GFMR individual flare-location dataset,https://www.worldbank.org/en/programs/gasflaringreduction/global-flaring-data,CONFIRMED,World Bank GFMR 2025 flare location; external satellite-derived flare reference.
WorldBank_GFMR_2025,WB_INDIA_FLARE_0060,ONSHORE,gas_flare,India,,27.38108687,95.23966804,operating,HIGH,World Bank GFMR individual flare-location dataset,https://www.worldbank.org/en/programs/gasflaringreduction/global-flaring-data,CONFIRMED,World Bank GFMR 2025 flare location; external satellite-derived flare reference.
WorldBank_GFMR_2025,WB_INDIA_FLARE_0061,ONSHORE,gas_flare,India,,27.22446627,95.38770226,operating,HIGH,World Bank GFMR individual flare-location dataset,https://www.worldbank.org/en/programs/gasflaringreduction/global-flaring-data,CONFIRMED,World Bank GFMR 2025 flare location; external satellite-derived flare reference.
WorldBank_GFMR_2025,WB_INDIA_FLARE_0062,ONSHORE,gas_flare,India,,15.96348054,80.93858512,operating,HIGH,World Bank GFMR individual flare-location dataset,https://www.worldbank.org/en/programs/gasflaringreduction/global-flaring-data,CONFIRMED,World Bank GFMR 2025 flare location; external satellite-derived flare reference.
WorldBank_GFMR_2025,WB_INDIA_FLARE_0063,ONSHORE,gas_flare,India,,21.94779479,72.55693652,operating,HIGH,World Bank GFMR individual flare-location dataset,https://www.worldbank.org/en/programs/gasflaringreduction/global-flaring-data,CONFIRMED,World Bank GFMR 2025 flare location; external satellite-derived flare reference.
WorldBank_GFMR_2025,WB_INDIA_FLARE_0064,OFFSHORE,gas_flare,India,,20.59984771,72.03609805,operating,HIGH,World Bank GFMR individual flare-location dataset,https://www.worldbank.org/en/programs/gasflaringreduction/global-flaring-data,CONFIRMED,World Bank GFMR 2025 flare location; external satellite-derived flare reference.
WorldBank_GFMR_2025,WB_INDIA_FLARE_0065,ONSHORE,gas_flare,India,,25.44687916,71.56669903,operating,HIGH,World Bank GFMR individual flare-location dataset,https://www.worldbank.org/en/programs/gasflaringreduction/global-flaring-data,CONFIRMED,World Bank GFMR 2025 flare location; external satellite-derived flare reference.
WorldBank_GFMR_2025,WB_INDIA_FLARE_0066,OFFSHORE,gas_flare,India,,19.17746339,70.94572572,operating,HIGH,World Bank GFMR individual flare-location dataset,https://www.worldbank.org/en/programs/gasflaringreduction/global-flaring-data,CONFIRMED,World Bank GFMR 2025 flare location; external satellite-derived flare reference.
WorldBank_GFMR_2025,WB_INDIA_FLARE_0067,OFFSHORE,gas_flare,India,,19.17627038,70.95932726,operating,HIGH,World Bank GFMR individual flare-location dataset,https://www.worldbank.org/en/programs/gasflaringreduction/global-flaring-data,CONFIRMED,World Bank GFMR 2025 flare location; external satellite-derived flare reference.
WorldBank_GFMR_2025,WB_INDIA_FLARE_0068,ONSHORE,gas_flare,India,,26.30523388,72.90128617,operating,HIGH,World Bank GFMR individual flare-location dataset,https://www.worldbank.org/en/programs/gasflaringreduction/global-flaring-data,CONFIRMED,World Bank GFMR 2025 flare location; external satellite-derived flare reference.
WorldBank_GFMR_2025,WB_INDIA_FLARE_0069,ONSHORE,gas_flare,India,,27.03515931,69.71626181,operating,HIGH,World Bank GFMR individual flare-location dataset,https://www.worldbank.org/en/programs/gasflaringreduction/global-flaring-data,CONFIRMED,World Bank GFMR 2025 flare location; external satellite-derived flare reference.
WorldBank_GFMR_2025,WB_INDIA_FLARE_0070,OFFSHORE,gas_flare,India,,20.24866116,71.96330392,operating,HIGH,World Bank GFMR individual flare-location dataset,https://www.worldbank.org/en/programs/gasflaringreduction/global-flaring-data,CONFIRMED,World Bank GFMR 2025 flare location; external satellite-derived flare reference.
WorldBank_GFMR_2025,WB_INDIA_FLARE_0071,ONSHORE,gas_flare,India,,16.6734908,81.67500313,operating,HIGH,World Bank GFMR individual flare-location dataset,https://www.worldbank.org/en/programs/gasflaringreduction/global-flaring-data,CONFIRMED,World Bank GFMR 2025 flare location; external satellite-derived flare reference.
WorldBank_GFMR_2025,WB_INDIA_FLARE_0072,OFFSHORE,gas_flare,India,,16.36912042,82.32065488,operating,HIGH,World Bank GFMR individual flare-location dataset,https://www.worldbank.org/en/programs/gasflaringreduction/global-flaring-data,CONFIRMED,World Bank GFMR 2025 flare location; external satellite-derived flare reference.
WorldBank_GFMR_2025,WB_INDIA_FLARE_0073,ONSHORE,gas_flare,India,,28.89217332,75.67567227,operating,HIGH,World Bank GFMR individual flare-location dataset,https://www.worldbank.org/en/programs/gasflaringreduction/global-flaring-data,CONFIRMED,World Bank GFMR 2025 flare location; external satellite-derived flare reference.
WorldBank_GFMR_2025,WB_INDIA_FLARE_0074,ONSHORE,gas_flare,India,,29.0113134,75.43978427,operating,HIGH,World Bank GFMR individual flare-location dataset,https://www.worldbank.org/en/programs/gasflaringreduction/global-flaring-data,CONFIRMED,World Bank GFMR 2025 flare location; external satellite-derived flare reference.
WorldBank_GFMR_2025,WB_INDIA_FLARE_0075,ONSHORE,gas_flare,India,,28.98931587,75.4443162,operating,HIGH,World Bank GFMR individual flare-location dataset,https://www.worldbank.org/en/programs/gasflaringreduction/global-flaring-data,CONFIRMED,World Bank GFMR 2025 flare location; external satellite-derived flare reference.
WorldBank_GFMR_2025,WB_INDIA_FLARE_0076,OFFSHORE,gas_flare,India,,15.36550681,80.53098446,operating,HIGH,World Bank GFMR individual flare-location dataset,https://www.worldbank.org/en/programs/gasflaringreduction/global-flaring-data,CONFIRMED,World Bank GFMR 2025 flare location; external satellite-derived flare reference.
WorldBank_GFMR_2025,WB_INDIA_FLARE_0077,ONSHORE,gas_flare,India,,27.54674957,95.15726844,operating,HIGH,World Bank GFMR individual flare-location dataset,https://www.worldbank.org/en/programs/gasflaringreduction/global-flaring-data,CONFIRMED,World Bank GFMR 2025 flare location; external satellite-derived flare reference.
WorldBank_GFMR_2025,WB_INDIA_FLARE_0078,ONSHORE,gas_flare,India,,27.10140615,94.74068419,operating,HIGH,World Bank GFMR individual flare-location dataset,https://www.worldbank.org/en/programs/gasflaringreduction/global-flaring-data,CONFIRMED,World Bank GFMR 2025 flare location; external satellite-derived flare reference.
WorldBank_GFMR_2025,WB_INDIA_FLARE_0079,ONSHORE,gas_flare,India,,26.19755817,93.95974858,operating,HIGH,World Bank GFMR individual flare-location dataset,https://www.worldbank.org/en/programs/gasflaringreduction/global-flaring-data,CONFIRMED,World Bank GFMR 2025 flare location; external satellite-derived flare reference.
WorldBank_GFMR_2025,WB_INDIA_FLARE_0080,ONSHORE,gas_flare,India,,27.11173376,94.74982167,operating,HIGH,World Bank GFMR individual flare-location dataset,https://www.worldbank.org/en/programs/gasflaringreduction/global-flaring-data,CONFIRMED,World Bank GFMR 2025 flare location; external satellite-derived flare reference.
WorldBank_GFMR_2025,WB_INDIA_FLARE_0081,ONSHORE,gas_flare,India,,27.72987901,95.62013656,operating,HIGH,World Bank GFMR individual flare-location dataset,https://www.worldbank.org/en/programs/gasflaringreduction/global-flaring-data,CONFIRMED,World Bank GFMR 2025 flare location; external satellite-derived flare reference.
WorldBank_GFMR_2025,WB_INDIA_FLARE_0082,ONSHORE,gas_flare,India,,27.56238396,95.2811443,operating,HIGH,World Bank GFMR individual flare-location dataset,https://www.worldbank.org/en/programs/gasflaringreduction/global-flaring-data,CONFIRMED,World Bank GFMR 2025 flare location; external satellite-derived flare reference.
WorldBank_GFMR_2025,WB_INDIA_FLARE_0083,ONSHORE,gas_flare,India,,27.3685047,94.8957231,operating,HIGH,World Bank GFMR individual flare-location dataset,https://www.worldbank.org/en/programs/gasflaringreduction/global-flaring-data,CONFIRMED,World Bank GFMR 2025 flare location; external satellite-derived flare reference.
WorldBank_GFMR_2025,WB_INDIA_FLARE_0084,ONSHORE,gas_flare,India,,27.2220024,95.34620133,operating,HIGH,World Bank GFMR individual flare-location dataset,https://www.worldbank.org/en/programs/gasflaringreduction/global-flaring-data,CONFIRMED,World Bank GFMR 2025 flare location; external satellite-derived flare reference.
WorldBank_GFMR_2025,WB_INDIA_FLARE_0085,ONSHORE,gas_flare,India,,27.72384572,95.64305602,operating,HIGH,World Bank GFMR individual flare-location dataset,https://www.worldbank.org/en/programs/gasflaringreduction/global-flaring-data,CONFIRMED,World Bank GFMR 2025 flare location; external satellite-derived flare reference.
WorldBank_GFMR_2025,WB_INDIA_FLARE_0086,ONSHORE,gas_flare,India,,27.11683729,94.76467736,operating,HIGH,World Bank GFMR individual flare-location dataset,https://www.worldbank.org/en/programs/gasflaringreduction/global-flaring-data,CONFIRMED,World Bank GFMR 2025 flare location; external satellite-derived flare reference.
WorldBank_GFMR_2025,WB_INDIA_FLARE_0087,ONSHORE,gas_flare,India,,27.15676426,94.93077003,operating,HIGH,World Bank GFMR individual flare-location dataset,https://www.worldbank.org/en/programs/gasflaringreduction/global-flaring-data,CONFIRMED,World Bank GFMR 2025 flare location; external satellite-derived flare reference.
WorldBank_GFMR_2025,WB_INDIA_FLARE_0088,ONSHORE,gas_flare,India,,27.48170338,95.23630961,operating,HIGH,World Bank GFMR individual flare-location dataset,https://www.worldbank.org/en/programs/gasflaringreduction/global-flaring-data,CONFIRMED,World Bank GFMR 2025 flare location; external satellite-derived flare reference.
WorldBank_GFMR_2025,WB_INDIA_FLARE_0089,ONSHORE,gas_flare,India,,25.93013528,71.49905656,operating,HIGH,World Bank GFMR individual flare-location dataset,https://www.worldbank.org/en/programs/gasflaringreduction/global-flaring-data,CONFIRMED,World Bank GFMR 2025 flare location; external satellite-derived flare reference.
WorldBank_GFMR_2025,WB_INDIA_FLARE_0090,ONSHORE,gas_flare,India,,16.81420481,81.90296613,operating,HIGH,World Bank GFMR individual flare-location dataset,https://www.worldbank.org/en/programs/gasflaringreduction/global-flaring-data,CONFIRMED,World Bank GFMR 2025 flare location; external satellite-derived flare reference.
WorldBank_GFMR_2025,WB_INDIA_FLARE_0091,ONSHORE,gas_flare,India,,16.36063777,81.28391653,operating,HIGH,World Bank GFMR individual flare-location dataset,https://www.worldbank.org/en/programs/gasflaringreduction/global-flaring-data,CONFIRMED,World Bank GFMR 2025 flare location; external satellite-derived flare reference.
WorldBank_GFMR_2025,WB_INDIA_FLARE_0092,ONSHORE,gas_flare,India,,27.43860669,95.37851047,operating,HIGH,World Bank GFMR individual flare-location dataset,https://www.worldbank.org/en/programs/gasflaringreduction/global-flaring-data,CONFIRMED,World Bank GFMR 2025 flare location; external satellite-derived flare reference.
WorldBank_GFMR_2025,WB_INDIA_FLARE_0093,ONSHORE,gas_flare,India,,27.46932203,95.4229764,operating,HIGH,World Bank GFMR individual flare-location dataset,https://www.worldbank.org/en/programs/gasflaringreduction/global-flaring-data,CONFIRMED,World Bank GFMR 2025 flare location; external satellite-derived flare reference.
WorldBank_GFMR_2025,WB_INDIA_FLARE_0094,ONSHORE,gas_flare,India,,27.50300104,95.44740206,operating,HIGH,World Bank GFMR individual flare-location dataset,https://www.worldbank.org/en/programs/gasflaringreduction/global-flaring-data,CONFIRMED,World Bank GFMR 2025 flare location; external satellite-derived flare reference.
WorldBank_GFMR_2025,WB_INDIA_FLARE_0095,ONSHORE,gas_flare,India,,23.4150164,72.35561204,operating,HIGH,World Bank GFMR individual flare-location dataset,https://www.worldbank.org/en/programs/gasflaringreduction/global-flaring-data,CONFIRMED,World Bank GFMR 2025 flare location; external satellite-derived flare reference.
WorldBank_GFMR_2025,WB_INDIA_FLARE_0096,ONSHORE,gas_flare,India,,27.13960881,94.77274634,operating,HIGH,World Bank GFMR individual flare-location dataset,https://www.worldbank.org/en/programs/gasflaringreduction/global-flaring-data,CONFIRMED,World Bank GFMR 2025 flare location; external satellite-derived flare reference.
WorldBank_GFMR_2025,WB_INDIA_FLARE_0097,ONSHORE,gas_flare,India,,27.03196717,94.8906549,operating,HIGH,World Bank GFMR individual flare-location dataset,https://www.worldbank.org/en/programs/gasflaringreduction/global-flaring-data,CONFIRMED,World Bank GFMR 2025 flare location; external satellite-derived flare reference.
WorldBank_GFMR_2025,WB_INDIA_FLARE_0098,ONSHORE,gas_flare,India,,27.03612926,94.88483627,operating,HIGH,World Bank GFMR individual flare-location dataset,https://www.worldbank.org/en/programs/gasflaringreduction/global-flaring-data,CONFIRMED,World Bank GFMR 2025 flare location; external satellite-derived flare reference.
WorldBank_GFMR_2025,WB_INDIA_FLARE_0099,ONSHORE,gas_flare,India,,27.02166958,94.88513986,operating,HIGH,World Bank GFMR individual flare-location dataset,https://www.worldbank.org/en/programs/gasflaringreduction/global-flaring-data,CONFIRMED,World Bank GFMR 2025 flare location; external satellite-derived flare reference.
WorldBank_GFMR_2025,WB_INDIA_FLARE_0100,ONSHORE,gas_flare,India,,27.00560354,94.89929641,operating,HIGH,World Bank GFMR individual flare-location dataset,https://www.worldbank.org/en/programs/gasflaringreduction/global-flaring-data,CONFIRMED,World Bank GFMR 2025 flare location; external satellite-derived flare reference.
WorldBank_GFMR_2025,WB_INDIA_FLARE_0101,ONSHORE,gas_flare,India,,26.98740171,94.81114075,operating,HIGH,World Bank GFMR individual flare-location dataset,https://www.worldbank.org/en/programs/gasflaringreduction/global-flaring-data,CONFIRMED,World Bank GFMR 2025 flare location; external satellite-derived flare reference.
WorldBank_GFMR_2025,WB_INDIA_FLARE_0102,ONSHORE,gas_flare,India,,27.00697613,94.80092362,operating,HIGH,World Bank GFMR individual flare-location dataset,https://www.worldbank.org/en/programs/gasflaringreduction/global-flaring-data,CONFIRMED,World Bank GFMR 2025 flare location; external satellite-derived flare reference.
WorldBank_GFMR_2025,WB_INDIA_FLARE_0103,ONSHORE,gas_flare,India,,27.55810799,96.03976733,operating,HIGH,World Bank GFMR individual flare-location dataset,https://www.worldbank.org/en/programs/gasflaringreduction/global-flaring-data,CONFIRMED,World Bank GFMR 2025 flare location; external satellite-derived flare reference.
WorldBank_GFMR_2025,WB_INDIA_FLARE_0104,ONSHORE,gas_flare,India,,26.08607594,93.9529119,operating,HIGH,World Bank GFMR individual flare-location dataset,https://www.worldbank.org/en/programs/gasflaringreduction/global-flaring-data,CONFIRMED,World Bank GFMR 2025 flare location; external satellite-derived flare reference.
WorldBank_GFMR_2025,WB_INDIA_FLARE_0105,OFFSHORE,gas_flare,India,,16.66828281,82.42685169,operating,HIGH,World Bank GFMR individual flare-location dataset,https://www.worldbank.org/en/programs/gasflaringreduction/global-flaring-data,CONFIRMED,World Bank GFMR 2025 flare location; external satellite-derived flare reference.
WorldBank_GFMR_2025,WB_INDIA_FLARE_0106,ONSHORE,gas_flare,India,,16.63685767,81.59617114,operating,HIGH,World Bank GFMR individual flare-location dataset,https://www.worldbank.org/en/programs/gasflaringreduction/global-flaring-data,CONFIRMED,World Bank GFMR 2025 flare location; external satellite-derived flare reference.
WorldBank_GFMR_2025,WB_INDIA_FLARE_0107,ONSHORE,gas_flare,India,,27.33498349,95.1096955,operating,HIGH,World Bank GFMR individual flare-location dataset,https://www.worldbank.org/en/programs/gasflaringreduction/global-flaring-data,CONFIRMED,World Bank GFMR 2025 flare location; external satellite-derived flare reference.
WorldBank_GFMR_2025,WB_INDIA_FLARE_0108,ONSHORE,gas_flare,India,,27.37735864,95.08818267,operating,HIGH,World Bank GFMR individual flare-location dataset,https://www.worldbank.org/en/programs/gasflaringreduction/global-flaring-data,CONFIRMED,World Bank GFMR 2025 flare location; external satellite-derived flare reference.
WorldBank_GFMR_2025,WB_INDIA_FLARE_0109,ONSHORE,gas_flare,India,,26.29448554,94.04666194,operating,HIGH,World Bank GFMR individual flare-location dataset,https://www.worldbank.org/en/programs/gasflaringreduction/global-flaring-data,CONFIRMED,World Bank GFMR 2025 flare location; external satellite-derived flare reference.
WorldBank_GFMR_2025,WB_INDIA_FLARE_0110,ONSHORE,gas_flare,India,,26.30054014,94.05701008,operating,HIGH,World Bank GFMR individual flare-location dataset,https://www.worldbank.org/en/programs/gasflaringreduction/global-flaring-data,CONFIRMED,World Bank GFMR 2025 flare location; external satellite-derived flare reference.
WorldBank_GFMR_2025,WB_INDIA_FLARE_0111,ONSHORE,gas_flare,India,,28.75393108,76.89633351,operating,HIGH,World Bank GFMR individual flare-location dataset,https://www.worldbank.org/en/programs/gasflaringreduction/global-flaring-data,CONFIRMED,World Bank GFMR 2025 flare location; external satellite-derived flare reference.
WorldBank_GFMR_2025,WB_INDIA_FLARE_0112,ONSHORE,gas_flare,India,,23.27271593,72.52118918,operating,HIGH,World Bank GFMR individual flare-location dataset,https://www.worldbank.org/en/programs/gasflaringreduction/global-flaring-data,CONFIRMED,World Bank GFMR 2025 flare location; external satellite-derived flare reference.
WorldBank_GFMR_2025,WB_INDIA_FLARE_0113,ONSHORE,gas_flare,India,,22.09563034,72.81041409,operating,HIGH,World Bank GFMR individual flare-location dataset,https://www.worldbank.org/en/programs/gasflaringreduction/global-flaring-data,CONFIRMED,World Bank GFMR 2025 flare location; external satellite-derived flare reference.
WorldBank_GFMR_2025,WB_INDIA_FLARE_0114,ONSHORE,gas_flare,India,,22.12942355,72.76569201,operating,HIGH,World Bank GFMR individual flare-location dataset,https://www.worldbank.org/en/programs/gasflaringreduction/global-flaring-data,CONFIRMED,World Bank GFMR 2025 flare location; external satellite-derived flare reference.
WorldBank_GFMR_2025,WB_INDIA_FLARE_0115,ONSHORE,gas_flare,India,,23.48461791,72.30964491,operating,HIGH,World Bank GFMR individual flare-location dataset,https://www.worldbank.org/en/programs/gasflaringreduction/global-flaring-data,CONFIRMED,World Bank GFMR 2025 flare location; external satellite-derived flare reference.
WorldBank_GFMR_2025,WB_INDIA_FLARE_0116,ONSHORE,gas_flare,India,,27.34085767,95.48125545,operating,HIGH,World Bank GFMR individual flare-location dataset,https://www.worldbank.org/en/programs/gasflaringreduction/global-flaring-data,CONFIRMED,World Bank GFMR 2025 flare location; external satellite-derived flare reference.
WorldBank_GFMR_2025,WB_INDIA_FLARE_0117,OFFSHORE,gas_flare,India,,18.57795408,72.24100752,operating,HIGH,World Bank GFMR individual flare-location dataset,https://www.worldbank.org/en/programs/gasflaringreduction/global-flaring-data,CONFIRMED,World Bank GFMR 2025 flare location; external satellite-derived flare reference.
WorldBank_GFMR_2025,WB_INDIA_FLARE_0118,OFFSHORE,gas_flare,India,,21.16587098,72.66970266,operating,HIGH,World Bank GFMR individual flare-location dataset,https://www.worldbank.org/en/programs/gasflaringreduction/global-flaring-data,CONFIRMED,World Bank GFMR 2025 flare location; external satellite-derived flare reference.
WorldBank_GFMR_2025,WB_INDIA_FLARE_0119,OFFSHORE,gas_flare,India,,21.08643249,72.65411177,operating,HIGH,World Bank GFMR individual flare-location dataset,https://www.worldbank.org/en/programs/gasflaringreduction/global-flaring-data,CONFIRMED,World Bank GFMR 2025 flare location; external satellite-derived flare reference.
WorldBank_GFMR_2025,WB_INDIA_FLARE_0120,OFFSHORE,gas_flare,India,,21.07644825,72.63709,operating,HIGH,World Bank GFMR individual flare-location dataset,https://www.worldbank.org/en/programs/gasflaringreduction/global-flaring-data,CONFIRMED,World Bank GFMR 2025 flare location; external satellite-derived flare reference.
WorldBank_GFMR_2025,WB_INDIA_FLARE_0121,ONSHORE,gas_flare,India,,27.46138192,95.47640794,operating,HIGH,World Bank GFMR individual flare-location dataset,https://www.worldbank.org/en/programs/gasflaringreduction/global-flaring-data,CONFIRMED,World Bank GFMR 2025 flare location; external satellite-derived flare reference.
WorldBank_GFMR_2025,WB_INDIA_FLARE_0122,ONSHORE,gas_flare,India,,20.30593466,86.6179811,operating,HIGH,World Bank GFMR individual flare-location dataset,https://www.worldbank.org/en/programs/gasflaringreduction/global-flaring-data,CONFIRMED,World Bank GFMR 2025 flare location; external satellite-derived flare reference.
WorldBank_GFMR_2025,WB_INDIA_FLARE_0123,ONSHORE,gas_flare,India,,16.51023532,82.06902429,operating,HIGH,World Bank GFMR individual flare-location dataset,https://www.worldbank.org/en/programs/gasflaringreduction/global-flaring-data,CONFIRMED,World Bank GFMR 2025 flare location; external satellite-derived flare reference.
WorldBank_GFMR_2025,WB_INDIA_FLARE_0124,ONSHORE,gas_flare,India,,26.81057731,94.69555058,operating,HIGH,World Bank GFMR individual flare-location dataset,https://www.worldbank.org/en/programs/gasflaringreduction/global-flaring-data,CONFIRMED,World Bank GFMR 2025 flare location; external satellite-derived flare reference.
WorldBank_GFMR_2025,WB_INDIA_FLARE_0125,ONSHORE,gas_flare,India,,26.78522553,94.67163573,operating,HIGH,World Bank GFMR individual flare-location dataset,https://www.worldbank.org/en/programs/gasflaringreduction/global-flaring-data,CONFIRMED,World Bank GFMR 2025 flare location; external satellite-derived flare reference.
WorldBank_GFMR_2025,WB_INDIA_FLARE_0126,ONSHORE,gas_flare,India,,26.7940901,94.68996081,operating,HIGH,World Bank GFMR individual flare-location dataset,https://www.worldbank.org/en/programs/gasflaringreduction/global-flaring-data,CONFIRMED,World Bank GFMR 2025 flare location; external satellite-derived flare reference.
WorldBank_GFMR_2025,WB_INDIA_FLARE_0127,ONSHORE,gas_flare,India,,21.74021133,73.0121278,operating,HIGH,World Bank GFMR individual flare-location dataset,https://www.worldbank.org/en/programs/gasflaringreduction/global-flaring-data,CONFIRMED,World Bank GFMR 2025 flare location; external satellite-derived flare reference.
WorldBank_GFMR_2025,WB_INDIA_FLARE_0128,ONSHORE,gas_flare,India,,21.90820344,72.68254149,operating,HIGH,World Bank GFMR individual flare-location dataset,https://www.worldbank.org/en/programs/gasflaringreduction/global-flaring-data,CONFIRMED,World Bank GFMR 2025 flare location; external satellite-derived flare reference.
WorldBank_GFMR_2025,WB_INDIA_FLARE_0129,ONSHORE,gas_flare,India,,21.69777736,72.70586377,operating,HIGH,World Bank GFMR individual flare-location dataset,https://www.worldbank.org/en/programs/gasflaringreduction/global-flaring-data,CONFIRMED,World Bank GFMR 2025 flare location; external satellite-derived flare reference.
WorldBank_GFMR_2025,WB_INDIA_FLARE_0130,ONSHORE,gas_flare,India,,21.89059657,72.78086529,operating,HIGH,World Bank GFMR individual flare-location dataset,https://www.worldbank.org/en/programs/gasflaringreduction/global-flaring-data,CONFIRMED,World Bank GFMR 2025 flare location; external satellite-derived flare reference.
WorldBank_GFMR_2025,WB_INDIA_FLARE_0131,ONSHORE,gas_flare,India,,21.97825467,72.8444028,operating,HIGH,World Bank GFMR individual flare-location dataset,https://www.worldbank.org/en/programs/gasflaringreduction/global-flaring-data,CONFIRMED,World Bank GFMR 2025 flare location; external satellite-derived flare reference.
WorldBank_GFMR_2025,WB_INDIA_FLARE_0132,ONSHORE,gas_flare,India,,21.98892537,72.82312154,operating,HIGH,World Bank GFMR individual flare-location dataset,https://www.worldbank.org/en/programs/gasflaringreduction/global-flaring-data,CONFIRMED,World Bank GFMR 2025 flare location; external satellite-derived flare reference.
WorldBank_GFMR_2025,WB_INDIA_FLARE_0133,ONSHORE,gas_flare,India,,21.9647027,72.83828371,operating,HIGH,World Bank GFMR individual flare-location dataset,https://www.worldbank.org/en/programs/gasflaringreduction/global-flaring-data,CONFIRMED,World Bank GFMR 2025 flare location; external satellite-derived flare reference.
WorldBank_GFMR_2025,WB_INDIA_FLARE_0134,ONSHORE,gas_flare,India,,16.86018481,82.13941091,operating,HIGH,World Bank GFMR individual flare-location dataset,https://www.worldbank.org/en/programs/gasflaringreduction/global-flaring-data,CONFIRMED,World Bank GFMR 2025 flare location; external satellite-derived flare reference.
WorldBank_GFMR_2025,WB_INDIA_FLARE_0135,ONSHORE,gas_flare,India,,27.48388369,95.12576753,operating,HIGH,World Bank GFMR individual flare-location dataset,https://www.worldbank.org/en/programs/gasflaringreduction/global-flaring-data,CONFIRMED,World Bank GFMR 2025 flare location; external satellite-derived flare reference.
WorldBank_GFMR_2025,WB_INDIA_FLARE_0136,ONSHORE,gas_flare,India,,27.42539925,95.12412462,operating,HIGH,World Bank GFMR individual flare-location dataset,https://www.worldbank.org/en/programs/gasflaringreduction/global-flaring-data,CONFIRMED,World Bank GFMR 2025 flare location; external satellite-derived flare reference.
WorldBank_GFMR_2025,WB_INDIA_FLARE_0137,ONSHORE,gas_flare,India,,27.44936153,95.08609641,operating,HIGH,World Bank GFMR individual flare-location dataset,https://www.worldbank.org/en/programs/gasflaringreduction/global-flaring-data,CONFIRMED,World Bank GFMR 2025 flare location; external satellite-derived flare reference.
WorldBank_GFMR_2025,WB_INDIA_FLARE_0138,ONSHORE,gas_flare,India,,22.37525987,72.47848034,operating,HIGH,World Bank GFMR individual flare-location dataset,https://www.worldbank.org/en/programs/gasflaringreduction/global-flaring-data,CONFIRMED,World Bank GFMR 2025 flare location; external satellite-derived flare reference.
WorldBank_GFMR_2025,WB_INDIA_FLARE_0139,ONSHORE,gas_flare,India,,22.16505599,72.93494899,operating,HIGH,World Bank GFMR individual flare-location dataset,https://www.worldbank.org/en/programs/gasflaringreduction/global-flaring-data,CONFIRMED,World Bank GFMR 2025 flare location; external satellite-derived flare reference.
WorldBank_GFMR_2025,WB_INDIA_FLARE_0140,OFFSHORE,gas_flare,India,,16.55238715,82.59467798,operating,HIGH,World Bank GFMR individual flare-location dataset,https://www.worldbank.org/en/programs/gasflaringreduction/global-flaring-data,CONFIRMED,World Bank GFMR 2025 flare location; external satellite-derived flare reference.
WorldBank_GFMR_2025,WB_INDIA_FLARE_0141,OFFSHORE,gas_flare,India,,18.58710812,71.03292959,operating,HIGH,World Bank GFMR individual flare-location dataset,https://www.worldbank.org/en/programs/gasflaringreduction/global-flaring-data,CONFIRMED,World Bank GFMR 2025 flare location; external satellite-derived flare reference.
WorldBank_GFMR_2025,WB_INDIA_FLARE_0142,OFFSHORE,gas_flare,India,,18.60237804,71.02738927,operating,HIGH,World Bank GFMR individual flare-location dataset,https://www.worldbank.org/en/programs/gasflaringreduction/global-flaring-data,CONFIRMED,World Bank GFMR 2025 flare location; external satellite-derived flare reference.
WorldBank_GFMR_2025,WB_INDIA_FLARE_0143,ONSHORE,gas_flare,India,,27.43796632,95.16200048,operating,HIGH,World Bank GFMR individual flare-location dataset,https://www.worldbank.org/en/programs/gasflaringreduction/global-flaring-data,CONFIRMED,World Bank GFMR 2025 flare location; external satellite-derived flare reference.
WorldBank_GFMR_2025,WB_INDIA_FLARE_0144,OFFSHORE,gas_flare,India,,21.16887447,72.64913614,operating,HIGH,World Bank GFMR individual flare-location dataset,https://www.worldbank.org/en/programs/gasflaringreduction/global-flaring-data,CONFIRMED,World Bank GFMR 2025 flare location; external satellite-derived flare reference.
WorldBank_GFMR_2025,WB_INDIA_FLARE_0145,OFFSHORE,gas_flare,India,,20.35997773,72.02388785,operating,HIGH,World Bank GFMR individual flare-location dataset,https://www.worldbank.org/en/programs/gasflaringreduction/global-flaring-data,CONFIRMED,World Bank GFMR 2025 flare location; external satellite-derived flare reference.
WorldBank_GFMR_2025,WB_INDIA_FLARE_0146,ONSHORE,gas_flare,India,,26.44799432,94.17443753,operating,HIGH,World Bank GFMR individual flare-location dataset,https://www.worldbank.org/en/programs/gasflaringreduction/global-flaring-data,CONFIRMED,World Bank GFMR 2025 flare location; external satellite-derived flare reference.
WorldBank_GFMR_2025,WB_INDIA_FLARE_0147,OFFSHORE,gas_flare,India,,19.27772288,71.42605158,operating,HIGH,World Bank GFMR individual flare-location dataset,https://www.worldbank.org/en/programs/gasflaringreduction/global-flaring-data,CONFIRMED,World Bank GFMR 2025 flare location; external satellite-derived flare reference.
WorldBank_GFMR_2025,WB_INDIA_FLARE_0148,OFFSHORE,gas_flare,India,,19.52503259,71.30295952,operating,HIGH,World Bank GFMR individual flare-location dataset,https://www.worldbank.org/en/programs/gasflaringreduction/global-flaring-data,CONFIRMED,World Bank GFMR 2025 flare location; external satellite-derived flare reference.
WorldBank_GFMR_2025,WB_INDIA_FLARE_0149,OFFSHORE,gas_flare,India,,19.28332429,71.43608482,operating,HIGH,World Bank GFMR individual flare-location dataset,https://www.worldbank.org/en/programs/gasflaringreduction/global-flaring-data,CONFIRMED,World Bank GFMR 2025 flare location; external satellite-derived flare reference.
WorldBank_GFMR_2025,WB_INDIA_FLARE_0150,OFFSHORE,gas_flare,India,,19.52912251,71.29948858,operating,HIGH,World Bank GFMR individual flare-location dataset,https://www.worldbank.org/en/programs/gasflaringreduction/global-flaring-data,CONFIRMED,World Bank GFMR 2025 flare location; external satellite-derived flare reference.
WorldBank_GFMR_2025,WB_INDIA_FLARE_0151,OFFSHORE,gas_flare,India,,19.57299965,71.36283675,operating,HIGH,World Bank GFMR individual flare-location dataset,https://www.worldbank.org/en/programs/gasflaringreduction/global-flaring-data,CONFIRMED,World Bank GFMR 2025 flare location; external satellite-derived flare reference.
WorldBank_GFMR_2025,WB_INDIA_FLARE_0152,OFFSHORE,gas_flare,India,,19.56909557,71.35513945,operating,HIGH,World Bank GFMR individual flare-location dataset,https://www.worldbank.org/en/programs/gasflaringreduction/global-flaring-data,CONFIRMED,World Bank GFMR 2025 flare location; external satellite-derived flare reference.
WorldBank_GFMR_2025,WB_INDIA_FLARE_0153,OFFSHORE,gas_flare,India,,19.41760641,71.39008034,operating,HIGH,World Bank GFMR individual flare-location dataset,https://www.worldbank.org/en/programs/gasflaringreduction/global-flaring-data,CONFIRMED,World Bank GFMR 2025 flare location; external satellite-derived flare reference.
WorldBank_GFMR_2025,WB_INDIA_FLARE_0154,OFFSHORE,gas_flare,India,,19.37073752,71.35403394,operating,HIGH,World Bank GFMR individual flare-location dataset,https://www.worldbank.org/en/programs/gasflaringreduction/global-flaring-data,CONFIRMED,World Bank GFMR 2025 flare location; external satellite-derived flare reference.
WorldBank_GFMR_2025,WB_INDIA_FLARE_0155,OFFSHORE,gas_flare,India,,19.37409542,71.36200587,operating,HIGH,World Bank GFMR individual flare-location dataset,https://www.worldbank.org/en/programs/gasflaringreduction/global-flaring-data,CONFIRMED,World Bank GFMR 2025 flare location; external satellite-derived flare reference.
WorldBank_GFMR_2025,WB_INDIA_FLARE_0156,OFFSHORE,gas_flare,India,,19.34758812,71.30399806,operating,HIGH,World Bank GFMR individual flare-location dataset,https://www.worldbank.org/en/programs/gasflaringreduction/global-flaring-data,CONFIRMED,World Bank GFMR 2025 flare location; external satellite-derived flare reference.
WorldBank_GFMR_2025,WB_INDIA_FLARE_0157,ONSHORE,gas_flare,India,,23.7762728,85.83966524,operating,HIGH,World Bank GFMR individual flare-location dataset,https://www.worldbank.org/en/programs/gasflaringreduction/global-flaring-data,CONFIRMED,World Bank GFMR 2025 flare location; external satellite-derived flare reference.
WorldBank_GFMR_2025,WB_INDIA_FLARE_0158,ONSHORE,gas_flare,India,,27.46843568,95.53580624,operating,HIGH,World Bank GFMR individual flare-location dataset,https://www.worldbank.org/en/programs/gasflaringreduction/global-flaring-data,CONFIRMED,World Bank GFMR 2025 flare location; external satellite-derived flare reference.
WorldBank_GFMR_2025,WB_INDIA_FLARE_0159,ONSHORE,gas_flare,India,,27.37948831,95.19691528,operating,HIGH,World Bank GFMR individual flare-location dataset,https://www.worldbank.org/en/programs/gasflaringreduction/global-flaring-data,CONFIRMED,World Bank GFMR 2025 flare location; external satellite-derived flare reference.
WorldBank_GFMR_2025,WB_INDIA_FLARE_0160,ONSHORE,gas_flare,India,,25.98937287,71.34414493,operating,HIGH,World Bank GFMR individual flare-location dataset,https://www.worldbank.org/en/programs/gasflaringreduction/global-flaring-data,CONFIRMED,World Bank GFMR 2025 flare location; external satellite-derived flare reference.
WorldBank_GFMR_2025,WB_INDIA_FLARE_0161,OFFSHORE,gas_flare,India,,19.14361174,72.11919243,operating,HIGH,World Bank GFMR individual flare-location dataset,https://www.worldbank.org/en/programs/gasflaringreduction/global-flaring-data,CONFIRMED,World Bank GFMR 2025 flare location; external satellite-derived flare reference.
WorldBank_GFMR_2025,WB_INDIA_FLARE_0162,OFFSHORE,gas_flare,India,,19.21447105,72.11492158,operating,HIGH,World Bank GFMR individual flare-location dataset,https://www.worldbank.org/en/programs/gasflaringreduction/global-flaring-data,CONFIRMED,World Bank GFMR 2025 flare location; external satellite-derived flare reference.
WorldBank_GFMR_2025,WB_INDIA_FLARE_0163,ONSHORE,gas_flare,India,,23.80591081,91.56607548,operating,HIGH,World Bank GFMR individual flare-location dataset,https://www.worldbank.org/en/programs/gasflaringreduction/global-flaring-data,CONFIRMED,World Bank GFMR 2025 flare location; external satellite-derived flare reference.
WorldBank_GFMR_2025,WB_INDIA_FLARE_0164,ONSHORE,gas_flare,India,,23.55586777,72.26241794,operating,HIGH,World Bank GFMR individual flare-location dataset,https://www.worldbank.org/en/programs/gasflaringreduction/global-flaring-data,CONFIRMED,World Bank GFMR 2025 flare location; external satellite-derived flare reference.
WorldBank_GFMR_2025,WB_INDIA_FLARE_0165,ONSHORE,gas_flare,India,,27.60572947,95.40228206,operating,HIGH,World Bank GFMR individual flare-location dataset,https://www.worldbank.org/en/programs/gasflaringreduction/global-flaring-data,CONFIRMED,World Bank GFMR 2025 flare location; external satellite-derived flare reference.
WorldBank_GFMR_2025,WB_INDIA_FLARE_0166,ONSHORE,gas_flare,India,,27.56303856,95.36057335,operating,HIGH,World Bank GFMR individual flare-location dataset,https://www.worldbank.org/en/programs/gasflaringreduction/global-flaring-data,CONFIRMED,World Bank GFMR 2025 flare location; external satellite-derived flare reference.
WorldBank_GFMR_2025,WB_INDIA_FLARE_0167,ONSHORE,gas_flare,India,,27.6071012,95.39434175,operating,HIGH,World Bank GFMR individual flare-location dataset,https://www.worldbank.org/en/programs/gasflaringreduction/global-flaring-data,CONFIRMED,World Bank GFMR 2025 flare location; external satellite-derived flare reference.
WorldBank_GFMR_2025,WB_INDIA_FLARE_0168,OFFSHORE,gas_flare,India,,19.00309892,71.76940433,operating,HIGH,World Bank GFMR individual flare-location dataset,https://www.worldbank.org/en/programs/gasflaringreduction/global-flaring-data,CONFIRMED,World Bank GFMR 2025 flare location; external satellite-derived flare reference.
WorldBank_GFMR_2025,WB_INDIA_FLARE_0169,OFFSHORE,gas_flare,India,,18.92138764,72.04130187,operating,HIGH,World Bank GFMR individual flare-location dataset,https://www.worldbank.org/en/programs/gasflaringreduction/global-flaring-data,CONFIRMED,World Bank GFMR 2025 flare location; external satellite-derived flare reference.
WorldBank_GFMR_2025,WB_INDIA_FLARE_0170,OFFSHORE,gas_flare,India,,19.03232202,72.12150025,operating,HIGH,World Bank GFMR individual flare-location dataset,https://www.worldbank.org/en/programs/gasflaringreduction/global-flaring-data,CONFIRMED,World Bank GFMR 2025 flare location; external satellite-derived flare reference.
WorldBank_GFMR_2025,WB_INDIA_FLARE_0171,ONSHORE,gas_flare,India,,21.56359755,72.91656781,operating,HIGH,World Bank GFMR individual flare-location dataset,https://www.worldbank.org/en/programs/gasflaringreduction/global-flaring-data,CONFIRMED,World Bank GFMR 2025 flare location; external satellite-derived flare reference.
WorldBank_GFMR_2025,WB_INDIA_FLARE_0172,ONSHORE,gas_flare,India,,26.7730627,94.50691082,operating,HIGH,World Bank GFMR individual flare-location dataset,https://www.worldbank.org/en/programs/gasflaringreduction/global-flaring-data,CONFIRMED,World Bank GFMR 2025 flare location; external satellite-derived flare reference.
WorldBank_GFMR_2025,WB_INDIA_FLARE_0173,ONSHORE,gas_flare,India,,23.74563225,91.34027534,operating,HIGH,World Bank GFMR individual flare-location dataset,https://www.worldbank.org/en/programs/gasflaringreduction/global-flaring-data,CONFIRMED,World Bank GFMR 2025 flare location; external satellite-derived flare reference.
WorldBank_GFMR_2025,WB_INDIA_FLARE_0174,ONSHORE,gas_flare,India,,10.75488268,79.67077466,operating,HIGH,World Bank GFMR individual flare-location dataset,https://www.worldbank.org/en/programs/gasflaringreduction/global-flaring-data,CONFIRMED,World Bank GFMR 2025 flare location; external satellite-derived flare reference.
